{
  "generationParameters": {
    "generationDate": "Mon Oct 27 2025 08:15:42 GMT+0000 (Coordinated Universal Time)",
    "generatorPlatform": "SAP Business Application Studio",
    "serviceType": "None",
    "metadataFilename": "",
    "serviceUrl": "N/A",
    "appName": "jrhub",
    "appTitle": "JR UI5 Hub de Ejercicios",
    "appDescription": "Aplicacion con todos los ejercicios SAPUI5",
    "appNamespace": "com.jr",
    "ui5Theme": "sap_horizon",
    "ui5Version": "1.141.3",
    "enableCodeAssist": false,
    "enableEslint": false,
    "enableTypeScript": false,
    "showMockDataInfo": false,
    "generatorVersion": "1.19.3",
    "template": "Basic",
    "generatorName": "SAP Fiori Application Generator",
    "entityRelatedConfig": [],
    "launchText": "To launch the generated application, run the following from the generated application root folder:\n\n```\n    npm start\n```"
  }
}
