{
  "d": {
    "results": [
      {
        "__metadata": { "id": "/localService/Gastos(1)", "type": "GastosService.Gasto" },
        "id": 1,
        "fecha": "2025-10-30",
        "categoria": "Comida",
        "descripcion": "Almuerzo en restaurante",
        "importe": 15.50
      },
      {
        "__metadata": { "id": "/localService/Gastos(2)", "type": "GastosService.Gasto" },
        "id": 2,
        "fecha": "2025-10-29",
        "categoria": "Transporte",
        "descripcion": "Taxi al centro",
        "importe": 8.00
      },
      {
        "__metadata": { "id": "/localService/Gastos(3)", "type": "GastosService.Gasto" },
        "id": 3,
        "fecha": "2025-10-28",
        "categoria": "Ocio",
        "descripcion": "Cine",
        "importe": 12.00
      },
      {
        "__metadata": { "id": "/localService/Gastos(4)", "type": "GastosService.Gasto" },
        "id": 4,
        "fecha": "2025-10-27",
        "categoria": "Otros",
        "descripcion": "Compra en papelería",
        "importe": 5.75
      },
      {
        "__metadata": { "id": "/localService/Gastos(5)", "type": "GastosService.Gasto" },
        "id": 5,
        "fecha": "2025-10-26",
        "categoria": "Comida",
        "descripcion": "Desayuno",
        "importe": 3.50
      },
      {
        "__metadata": { "id": "/localService/Gastos(6)", "type": "GastosService.Gasto" },
        "id": 6,
        "fecha": "2025-10-25",
        "categoria": "Transporte",
        "descripcion": "Billete de autobús",
        "importe": 1.40
      },
      {
        "__metadata": { "id": "/localService/Gastos(7)", "type": "GastosService.Gasto" },
        "id": 7,
        "fecha": "2025-10-24",
        "categoria": "Ocio",
        "descripcion": "Suscripción streaming",
        "importe": 9.99
      },
      {
        "__metadata": { "id": "/localService/Gastos(8)", "type": "GastosService.Gasto" },
        "id": 8,
        "fecha": "2025-10-23",
        "categoria": "Otros",
        "descripcion": "Regalo cumpleaños",
        "importe": 25.00
      },
      {
        "__metadata": { "id": "/localService/Gastos(9)", "type": "GastosService.Gasto" },
        "id": 9,
        "fecha": "2025-10-22",
        "categoria": "Comida",
        "descripcion": "Cena rápida",
        "importe": 10.00
      },
      {
        "__metadata": { "id": "/localService/Gastos(10)", "type": "GastosService.Gasto" },
        "id": 10,
        "fecha": "2025-10-21",
        "categoria": "Transporte",
        "descripcion": "Gasolina",
        "importe": 30.00
      }
    ]
  }
}